r,F,B0
1e-07,3.1415924535897934,0.40528473373911145
0.0800201048012003,2.9818927283317196,0.3975980050882482
0.1600401096024006,2.8242039128531022,0.37567293017850695
0.24006011440360087,2.67038901290547,0.342578709052145
0.3200801192048012,2.5220414137403706,0.302469803809076
0.4001001240060015,2.3804072777287897,0.259594988815606
0.48012012880720173,2.2463574445346666,0.21751997846569535
0.560140133608402,2.1204026643896907,0.17873728107100206
0.6401601384096023,2.0027390767708666,0.14463823177547958
0.7201801432108026,1.8933092875950852,0.11571217711524745
0.8002001480120029,1.7918667100306989,0.09182782238124511
0.8802201528132032,1.6980348355643582,0.07249718594878815
0.9602401576144034,1.6113570622699902,0.05707667131411793
1.0402601624156038,1.5313357336792421,0.04489828053466329
1.1202801672168041,1.4574609360274724,0.035343099237640785
1.2003001720180044,1.3892305460737648,0.02787443657378369
1.2803201768192047,1.3261633178167889,0.02204619202783255
1.360340181620405,1.2678067206312063,0.017497882500907946
1.4403601864216053,1.213740993339474,0.013943715104058601
1.5203801912228057,1.1635805813357092,0.011159994084265747
1.600400196024006,1.1169738418923747,0.008973081155314215
1.6804202008252063,1.0736016637799362,0.007248875371929319
1.7604402056264066,1.0331754579190826,0.0058840845355616804
1.8404602104276069,0.9954348323335953,0.00479921376842289
1.920480215228807,0.9601451595966706,0.003933050792425465
2.0005002200300073,0.9270951700174801,0.003238388058205616
2.0805202248312074,0.8960946515760242,0.0026787339853601433
2.160540229632408,0.866972301994484,0.002225798642561789
2.240560234433608,0.8395737546053069,0.001857577448717134
2.3205802392348085,0.8137597843008266,0.0015568925352660232
2.4006002440360086,0.7894046902435924,0.0013102823973379033
2.480620248837209,0.7663948463320455,0.0011071557591920249
2.560640253638409,0.7446274073497705,0.0009391455942964304
2.6406602584396093,0.724009157371917,0.0007996147601219076
2.72068026324081,0.7044554867367584,0.0006832765843164517
2.80070026804201,0.6858894842910704,0.0005859027499253945
2.8807202728432104,0.6682411324020744,0.0005040976272929989
2.9607402776444105,0.6514465932097663,0.0004351233156776842
3.040760282445611,0.6354475756513301,0.000376763500084439
3.120780287246811,0.6201907738488158,0.00032721711442910414
3.2008002920480116,0.6056273684672502,0.000285014970677928
3.2808202968492117,0.5917125835978037,0.00024895414553017647
3.3608403016504123,0.5784052925874922,0.00021804614669745353
3.4408603064516123,0.5656676670194468,0.00019147581081393556
3.520880311252813,0.553464863747382,0.00016856858974958713
3.600900316054013,0.5417647455089283,0.0001487644176983726
3.6809203208552135,0.5305376311908971,0.00013159675972230367
3.7609403256564136,0.5197560723019781,0.00011667575470045062
3.8409603304576136,0.5093946526315857,0.00010367460523745969
3.920980335258814,0.4994298084441245,9.231855155395011e-05
4.001000340060015,0.4898396668819524,8.237590888113387e-05
4.081020344861215,0.4806039005334136,7.36507583370202e-05
4.161040349662415,0.47170359636954656,6.597696716926543e-05
4.241060354463616,0.4631211374689845,5.921328129199304e-05
4.321080359264816,0.4548400961391361,5.323928553971407e-05
4.401100364066016,0.44684513720652047,4.7952068304085774e-05
4.4811203688672165,0.43912193039318015,4.326345972767144e-05
4.561140373668417,0.43165707082213756,3.9097738336106516e-05
4.641160378469618,0.4244380068052079,3.538972138413251e-05
4.721180383270817,0.41745297416320043,3.2083170420959216e-05
4.801200388072018,0.41069093641338106,2.912945653659557e-05
4.881220392873218,0.40414153023357285,2.6486440125003154e-05
4.961240397674419,0.39779501567777387,2.4117528331541148e-05
5.0412604024756185,0.39164223067581677,2.199088006296968e-05
5.121280407276819,0.38567454940038914,2.007873385910622e-05
5.2013004120780195,0.37988384412954546,1.83568383163873e-05
5.281320416879219,0.37426245027241484,1.6803968320474983e-05
5.36134042168042,0.3688031342608081,1.5401513250227987e-05
5.44136042648162,0.363499064040411,1.413312568785189e-05
5.521380431282821,0.3583437819227161,1.298442111254979e-05
5.60140043608402,0.3533311795832213,1.1942720649484162e-05
5.681420440885221,0.34845547501308044,1.0996830257936391e-05
5.761440445686421,0.34371119125066363,1.0136850824863094e-05
5.841460450487622,0.33909313673664265,9.35401452495832e-06
5.921480455288822,0.3345963871515232,8.640543550015375e-06
6.001500460090022,0.3302162686082113,7.989527926478908e-06
6.081520464891223,0.3259483420844099,7.3948196529971565e-06
6.161540469692423,0.32178838899057444,6.850940817740231e-06
6.241560474493623,0.31773239777894285,6.353003713081907e-06
6.321580479294823,0.3137765515079413,5.896641265068101e-06
6.401600484096024,0.30991721628414626,5.4779463468344095e-06
6.4816204888972235,0.3061509305110739,5.093418756925231e-06
6.561640493698424,0.30247439488044175,4.7399188219991445e-06
6.641660498499625,0.2988844630472948,4.414626734192468e-06
6.721680503300825,0.29537813293556353,4.1150068610076426e-06
6.801700508102025,0.2919525386253002,3.838776373763207e-06
6.881720512903225,0.2886049427770625,3.583877632510519e-06
6.961740517704426,0.2853327295527342,3.348453843485408e-06
7.041760522505626,0.2821333979955327,3.1308275717805556e-06
7.121780527306826,0.279004555835087,2.929481748799454e-06
7.2018005321080265,0.27594391368631443,2.7430428626913755e-06
7.281820536909227,0.272949279613407,2.570266061629876e-06
7.361840541710428,0.270018554032581,2.410021935542972e-06
7.441860546511627,0.26714972492938427,2.261284772620273e-06
7.521880551312828,0.2643408633682921,2.123122113359078e-06
7.601900556114028,0.2615901192740994,1.994685447699064e-06
7.681920560915228,0.25889571746622714,1.8752019204664628e-06
7.761940565716428,0.256255953928539,1.7639669273548667e-06
7.841960570517629,0.25366919229860907,1.6603374983928423e-06
7.9219805753188295,0.251133860561613,1.5637263786131605e-06
8.00200058012003,0.24864844793514362,1.4735967267203788e-06
8.08202058492123,0.2462115019322821,1.3894573621875607e-06
8.162040589722428,0.24382162559120352,1.310858499599557e-06
8.242060594523629,0.24147747486046145,1.2373879163704854e-06
8.32208059932483,0.23917775612989595,1.168667506343287e-06
8.40210060412603,0.23692122389783704,1.1043501773546605e-06
8.48212060892723,0.23470667856595182,1.0441170557271429e-06
8.562140613728431,0.23253296435370074,9.876749649236444e-07
8.642160618529632,0.2303989673249388,9.347541493480797e-07
8.722180623330832,0.22830361351972225,8.851062175671503e-07
8.80220062813203,0.22624586718486567,8.385022821219485e-07
8.882220632933231,0.22422472909724053,7.947312756447887e-07
8.962240637734432,0.22223923497421966,7.535984252406847e-07
9.042260642535632,0.2202884539660504,7.14923869072226e-07
9.122280647336833,0.21837148722529523,6.785414008345466e-07
9.202300652138033,0.21648746654880038,6.442973293521118e-07
9.282320656939234,0.2146355530879571,6.120494418963451e-07
9.362340661740433,0.21281493612329852,5.816660610342345e-07
9.442360666541633,0.21102483189973362,5.53025185891993e-07
9.522380671342834,0.2092644825189607,5.260137096710825e-07
9.602400676144034,0.20753315488582394,5.005267061007908e-07
9.682420680945235,0.2058301397055851,4.764667782647489e-07
9.762440685746435,0.2041547505292732,4.5374346390921697e-07
9.842460690547636,0.20250632284445388,4.322726919383493e-07
9.922480695348836,0.2008842132089267,4.1197628533440144e-07
10.002500700150035,0.19928779842501224,3.9278150621639856e-07
10.082520704951236,0.1977164747522352,3.7462063917565154e-07
10.162540709752436,0.19616965715634413,3.5743060940645366e-07
10.242560714553637,0.19464677859273213,3.4115263249029504e-07
10.322580719354837,0.19314728932244032,3.2573189299654403e-07
10.402600724156038,0.19167065625903468,3.111172493355916e-07
10.482620728957238,0.190216362344747,2.972609625454592e-07
10.562640733758437,0.1887839059543674,2.8411844691288834e-07
10.642660738559638,0.18737280032546189,2.716480405276388e-07
10.722680743360838,0.18598257301357443,2.598107940465736e-07
10.802700748162039,0.18461276537114688,2.4857027610416076e-07
10.88272075296324,0.1832629320489652,2.3789239395023194e-07
10.96274075776444,0.18193264051900743,2.2774522802581856e-07
11.04276076256564,0.1806214706176316,2.180988793051599e-07
11.12278076736684,0.17932901410810279,2.0892532833785595e-07
11.20280077216804,0.17805487426151279,2.0019830502079458e-07
11.28282077696924,0.17679866545519946,1.9189316821597242e-07
11.36284078177044,0.17556001278782146,1.8398679440858316e-07
11.442860786571641,0.1743385517102897,1.7645747467059037e-07
11.522880791372842,0.173133927671801,1.6928481925920617e-07
11.602900796174042,0.17194579578025976,1.6244966923788697e-07
11.682920800975243,0.1707738204764113,1.5593401456026462e-07
11.762940805776442,0.16961767522104745,1.497209181053682e-07
11.842960810577642,0.16847704219467743,1.4379444519603677e-07
11.922980815378843,0.16735161200909052,1.3813959817201377e-07
12.003000820180043,0.16624108343026536,1.3274225562521554e-07
12.083020824981244,0.16514516311211044,1.2758911593744774e-07
12.163040829782444,0.16406356534054556,1.2266764479068414e-07
12.243060834583645,0.16299601178746018,1.179660263472289e-07
12.323080839384845,0.16194223127410778,1.1347311782188161e-07
12.403100844186044,0.16090195954351771,1.0917840719085821e-07
12.483120848987244,0.15987493904152647,1.05071973802875e-07
12.563140853788445,0.15886091870605162,1.0114445167668162e-07
12.643160858589646,0.15785965376424896,9.738699528656848e-08
12.723180863390846,0.1568709055372114,9.379124765315432e-08
12.803200868192047,0.15589444125188578,9.0349310571188e-08
12.883220872993247,0.15493003385989879,8.70537168193147e-08
12.963240877794446,0.15397746186299768,8.389740420885726e-08
13.043260882595646,0.15303650914482736,8.087369133975949e-08
13.123280887396847,0.15210696480877664,7.797625494200837e-08
13.203300892198047,0.15118862302164085,7.519910869018553e-08
13.283320896999248,0.15028128286285924,7.253658338736572e-08
13.363340901800449,0.14938474817909678,6.998330842244742e-08
13.443360906601649,0.14849882744395143,6.753419441223204e-08
13.52338091140285,0.14762333362257735,6.518441694621337e-08
13.603400916204048,0.14675808404102514,6.292940135815506e-08
13.683420921005249,0.14590290026010816,6.076480845415783e-08
13.76344092580645,0.1450576079536141,5.8686521132100913e-08
13.84346093060765,0.14422203679068776,5.669063183211185e-08
13.92348093540885,0.14339602032222035,5.477343076211817e-08
14.003500940210051,0.14257939587108642,5.2931394846587314e-08
14.083520945011252,0.14177200442607854,5.116117735030358e-08
14.16354094981245,0.1409736905393943,4.94595981324802e-08
14.24356095461365,0.1401843022275388,4.782363448969324e-08
14.323580959414851,0.1394036908755104,4.625041254906718e-08
14.403600964216052,0.1386317111441437,4.473719917586208e-08
14.483620969017252,0.13786822088048908,4.328139436212726e-08
14.563640973818453,0.13711308103111436,4.188052406541294e-08
14.643660978619653,0.1363661555582169,4.0532233468683295e-08
14.723680983420854,0.13562731135844164,3.923428063456613e-08
14.803700988222053,0.13489641818430365,3.7984530528921453e-08
14.883720993023253,0.13417334856811802,3.678094939041786e-08
14.963740997824454,0.13345797774834497,3.562159942439307e-08
15.043761002625654,0.1327501835982608,3.4504633800741587e-08
15.123781007426855,0.13204984655686994,3.342829193693687e-08
15.203801012228055,0.13135684956197635,3.239089504855902e-08
15.283821017029256,0.13067107798533598,3.139084195087335e-08
15.363841021830455,0.12999241956981547,3.0426605096095605e-08
15.443861026631655,0.129320764368485,2.9496726831991735e-08
15.523881031432856,0.12865600468557634,2.8599815868402763e-08
15.603901036234056,0.12799803501924,2.7734543939159162e-08
15.683921041035257,0.12734675200603782,2.6899642647664312e-08
15.763941045836457,0.12670205436710982,2.6093900485183364e-08
15.843961050637658,0.12606384285595737,2.5316160011579577e-08
15.923981055438858,0.12543202020778554,2.4565315188895702e-08
16.00400106024006,0.12480649109035163,2.3840308858790578e-08
16.08402106504126,0.12418716205626718,2.3140130355410014e-08
16.16404106984246,0.12357394149670385,2.24638132458023e-08
16.24406107464366,0.12296673959645572,2.1810433190484575e-08
16.32408107944486,0.12236546829031102,2.1179105917227002e-08
16.40410108424606,0.12177004122068992,2.0568985301553893e-08
16.48412108904726,0.12118037369650544,1.9979261547862552e-08
16.564141093848463,0.12059638265320619,1.9409159465436058e-08
16.64416109864966,0.12001798661396226,1.8857936833978133e-08
16.724181103450864,0.11944510565195567,1.832488285362444e-08
16.804201108252062,0.11887766135373935,1.7809316674692714e-08
16.88422111305326,0.11831557678362949,1.7310586002719187e-08
16.964241117854463,0.11775877644909702,1.682806577459747e-08
17.044261122655662,0.11720718626712656,1.63611569018867e-08
17.124281127456864,0.1166607335315104,1.590928507758937e-08
17.204301132258063,0.11611934688104845,1.547189964292045e-08
17.284321137059266,0.11558295626862405,1.5048472510792964e-08
17.364341141860464,0.11505149293112857,1.4638497142939918e-08
17.444361146661667,0.11452488936020687,1.424148757777086e-08
17.524381151462865,0.11400307927379857,1.3856977506232158e-08
17.604401156264064,0.11348599758844916,1.3484519393097418e-08
17.684421161065266,0.1129735803923673,1.3123683641263896e-08
17.764441165866465,0.11246576491920499,1.277405779676998e-08
17.844461170667667,0.11196248952253764,1.2435245792379318e-08
17.924481175468866,0.11146369365102307,1.2106867227701028e-08
18.00450118027007,0.11096931782421769,1.1788556683929366e-08
18.084521185071267,0.11047930360903058,1.1479963071396016e-08
18.164541189872466,0.10999359359679492,1.1180749008228525e-08
18.24456119467367,0.1095121313809389,1.0890590228505211e-08
18.324581199474867,0.10903486153523757,1.060917501838599e-08
18.40460120427607,0.10856172959262778,1.0336203678783234e-08
18.484621209077268,0.10809268202456984,1.007138801321644e-08
18.56464121387847,0.10762766622093915,9.814450839568973e-09
18.64466121867967,0.10716663047043222,9.565125524535706e-09
18.724681223480868,0.10670952394147153,9.323155539616247e-09
18.80470122828207,0.10625629666359485,9.088294037571228e-09
18.88472123308327,0.10580689950931456,8.860303448317397e-09
18.96474123788447,0.1053612841764331,8.638955093292633e-09
19.04476124268567,0.10491940317080145,8.424028817374314e-09
19.124781247486872,0.10448120978950758,8.215312637483132e-09
19.20480125228807,0.10404665810448255,8.012602407051143e-09
19.28482125708927,0.10361570294651219,7.815701495575994e-09
19.364841261890472,0.10318829988964257,7.624420482524896e-09
19.44486126669167,0.10276440523596825,7.43857686489026e-09
19.524881271492873,0.10234397600079223,7.257994777735791e-09
19.604901276294072,0.10192696989814704,7.08250472710635e-09
19.684921281095274,0.10151334532666685,6.911943334707341e-09
19.764941285896473,0.10110306135580079,6.746153093790477e-09
19.844961290697675,0.1006960777123576,6.584982135711484e-09
19.924981295498874,0.10029235476737289,6.428284006653181e-09
20.005001300300073,0.09989185352328943,6.275917454032915e-09
20.085021305101275,0.0994945356014422,6.127746222138232e-09
20.165041309902474,0.09910036322983977,5.983638856557653e-09
20.245061314703676,0.09870929923123369,5.843468516995305e-09
20.325081319504875,0.09832130701146813,5.707112798079129e-09
20.405101324306077,0.09793635054810199,5.5744535577916714e-09
20.485121329107276,0.09755439437929637,5.445376753171414e-09
20.565141333908475,0.09717540359295994,5.319772282949707e-09
20.645161338709677,0.09679934381614516,5.197533836805439e-09
20.725181343510876,0.09642618120468922,5.07855875093501e-09
20.805201348312078,0.09605588243309225,4.9627478696501116e-09
20.885221353113277,0.09568841468462737,4.850005412730192e-09
20.96524135791448,0.09532374564167564,4.74023884826939e-09
21.045261362715678,0.09496184347628076,4.63335877077093e-09
21.125281367516877,0.09460267684091685,4.529278784253459e-09
21.20530137231808,0.09424621485946443,4.427915390145625e-09
21.285321377119278,0.09389242711838892,4.329187879755702e-09
21.36534138192048,0.09354128365811616,4.233018231113365e-09
21.44536138672168,0.09319275496460024,4.1393310099905984e-09
21.52538139152288,0.09284681196107816,4.04805327491757e-09
21.60540139632408,0.09250342600000722,3.959114486018484e-09
21.685421401125282,0.09216256885517957,3.872446417500293e-09
21.76544140592648,0.09182421271401017,3.78798307363537e-09
21.84546141072768,0.0914883301699932,3.7056606080864382e-09
21.925481415528882,0.09115489421532302,3.6254172464293744e-09
22.00550142033008,0.0908238782336752,3.5471932117360863e-09
22.085521425131283,0.09049525599314373,3.4709306530861157e-09
22.16554142993248,0.09016900163933067,3.396573576881779e-09
22.245561434733684,0.08984508968858394,3.324067780847275e-09
22.325581439534883,0.08952349502138017,3.253360790597871e-09
22.40560144433608,0.0892041928758483,3.184401798670318e-09
22.485621449137284,0.08888715884143118,3.117141605910799e-09
22.565641453938483,0.08857236885268129,3.0515325651212807e-09
22.645661458739685,0.08825979918318716,2.98752852686969e-09
22.725681463540884,0.08794942643962798,2.9250847873736793e-09
22.805701468342086,0.08764122755595233,2.864158038371667e-09
22.885721473143285,0.08733517978767885,2.8047063188988663e-09
22.965741477944484,0.0870312607063153,2.746688968889554e-09
23.045761482745686,0.08672944819389344,2.690066584530467e-09
23.125781487546885,0.08642972043761704,2.6348009752934828e-09
23.205801492348087,0.08613205592461974,2.580855122578874e-09
23.285821497149286,0.08583643343683102,2.528193139903635e-09
23.365841501950488,0.08554283204594672,2.4767802345720036e-09
23.445861506751687,0.08525123110850255,2.4265826707683216e-09
23.525881511552885,0.08496161026104741,2.377567734014768e-09
23.605901516354088,0.08467394941541458,2.329703696939163e-09
23.685921521155286,0.08438822875408832,2.2829597863003274e-09
23.76594152595649,0.08410442872566377,2.2373061512207718e-09
23.845961530757688,0.08382253004039782,2.1927138325786932e-09
23.92598153555889,0.08354251366584879,2.149154733513262e-09
24.00600154036009,0.08326436082260327,2.106601590999199e-09
24.08602154516129,0.08298805298008734,2.0650279484484793e-09
24.16604154996249,0.08271357185246112,2.0244081292988687e-09
24.24606155476369,0.082440899394594,1.9847172115505715e-09
24.32608155956489,0.08217001779811914,1.945931003214075e-09
24.40610156436609,0.08190090948756516,1.90802601863369e-09
24.48612156916729,0.08163355711656346,1.870979455652845e-09
24.56614157396849,0.08136794356412946,1.8347691735886187e-09
24.646161578769693,0.08110405193101576,1.7993736719842942e-09
24.72618158357089,0.08084186553613601,1.7647720701101087e-09
24.80620158837209,0.08058136791305782,1.7309440871835049e-09
24.886221593173293,0.0803225428065628,1.6978700232814567e-09
24.96624159797449,0.08006537416927276,1.6655307409185524e-09
25.046261602775694,0.0798098461583402,1.6339076472655461e-09
25.126281607576892,0.07955594313220186,1.6029826769842214e-09
25.206301612378095,0.07930364964739386,1.572738275655303e-09
25.286321617179293,0.07905295045542707,1.5431573837771534e-09
25.366341621980492,0.07880383049972142,1.5142234213138882e-09
25.446361626781695,0.07855627491259788,1.4859202727723783e-09
25.526381631582893,0.07831026901232678,1.4582322727884776e-09
25.606401636384096,0.07806579830023123,1.4311441922035677e-09
25.686421641185294,0.07782284845784462,1.4046412246132926e-09
25.766441645986497,0.07758140534412068,1.3787089733710603e-09
25.846461650787695,0.07734145499269547,1.3533334390296162e-09
25.926481655588894,0.07710298360919957,1.3285010072046017e-09
26.006501660390096,0.07686597756862006,1.3041984368447113e-09
26.086521665191295,0.0766304234127106,1.28041284889361e-09
26.166541669992498,0.07639630784744902,1.2571317153293972e-09
26.246561674793696,0.07616361774054126,1.23434284856795e-09
26.3265816795949,0.07593234011897051,1.212034391216992e-09
26.406601684396097,0.07570246216659106,1.1901948061682896e-09
26.4866216891973,0.0754739712217653,1.1688128670158146e-09
26.5666416939985,0.07524685477504353,1.1478776487882377e-09
26.646661698799697,0.07502110046688523,1.1273785189845129e-09
26.7266817036009,0.0747966960854214,1.1073051289018028e-09
26.806701708402098,0.0745736295642565,1.0876474052453492e-09
26.8867217132033,0.07435188898030981,1.0683955420103354e-09
26.9667417180045,0.07413146255169495,1.0495399926261579e-09
27.0467617228057,0.073912338635637,1.0310714623538617e-09
27.1267817276069,0.07369450572642619,1.0129809009278868e-09
27.2068017324081,0.07347795245340791,9.952594954335794e-10
27.2868217372093,0.0732626675790076,9.778986634122504e-10
27.3668417420105,0.07304863999679051,9.608900461858857e-10
27.446861746811702,0.07283585872955506,9.44225502393878e-10
27.5268817516129,0.07262431292745947,9.278971017344812e-10
27.606901756414103,0.07241399186618085,9.118971189039159e-10
27.686921761215302,0.07220488494510607,8.96218027726345e-10
27.7669417660165,0.07199698168555392,8.808524954681839e-10
27.846961770817703,0.07179027172902769,8.657933773304411e-10
27.926981775618902,0.07158474483549783,8.510337111130391e-10
28.007001780420104,0.07138039088171381,8.365667120452609e-10
28.087021785221303,0.07117719985954507,8.223857677767104e-10
28.167041790022505,0.07097516187434962,8.084844335233493e-10
28.247061794823704,0.07077426714337084,7.948564273634095e-10
28.327081799624903,0.07057450599416112,7.814956256781275e-10
28.407101804426105,0.070375868863032,7.683960587324653e-10
28.487121809227304,0.07017834629353048,7.555519063911356e-10
28.567141814028506,0.06998192893494086,7.429574939654269e-10
28.647161818829705,0.06978660754081156,7.3060728818649e-10
28.727181823630907,0.06959237296750648,7.184958933008845e-10
28.807201828432106,0.06939921617278054,7.066180472843667e-10
28.88722183323331,0.0692071282143787,6.949686181700022e-10
28.967241838034507,0.06901610024865823,6.835426004868691e-10
29.047261842835706,0.06882612352923365,6.723351118057121e-10
29.127281847636908,0.0686371894056439,6.613413893880625e-10
29.207301852438107,0.06844928932204149,6.505567869354559e-10
29.28732185723931,0.06826241481590292,6.399767714354816e-10
29.367341862040508,0.06807655751676028,6.295969201015425e-10
29.44736186684171,0.0678917091449533,6.194129174032854e-10
29.52738187164291,0.0677078615104018,6.09420552184785e-10
29.607401876444108,0.06752500651139794,5.99615714867657e-10
29.68742188124531,0.06734313613341789,5.899943947363795e-10
29.76744188604651,0.06716224244795269,5.805526773031981e-10
29.84746189084771,0.06698231761135781,5.712867417500651e-10
29.92748189564891,0.06680335386372123,5.621928584451804e-10
30.007501900450112,0.0666253435277494,5.532673865317463e-10
30.08752190525131,0.0664482790076711,5.445067715866737e-10
30.16754191005251,0.06627215278815855,5.359075433470119e-10
30.247561914853712,0.06609695743326581,5.274663135019893e-10
30.32758191965491,0.06592268558538374,5.191797735485907e-10
30.407601924456113,0.06574932996421144,5.110446927086864e-10
30.487621929257312,0.06557688336574406,5.030579159058003e-10
30.567641934058514,0.06540533866127614,4.952163617996409e-10
30.647661938859713,0.0652346887964208,4.875170208766209e-10
30.72768194366091,0.06506492679014411,4.799569535946159e-10
30.807701948462114,0.0648960457338144,4.725332885802902e-10
30.887721953263313,0.06472803879026647,4.6524322087737524e-10
30.967741958064515,0.06456089919288009,4.5808401024432306e-10
31.047761962865714,0.064394620244673,4.5105297949983144e-10
31.127781967666916,0.0642291953174074,4.4414751291476485e-10
31.207801972468115,0.06406461785071067,4.3736505464906987e-10
31.287821977269317,0.06390088135120922,4.3070310723229944e-10
31.367841982070516,0.06373797939167564,4.2415923008643546e-10
31.447861986871715,0.06357590561018886,4.1773103808972046e-10
31.527881991672917,0.06341465370930714,4.114162001802644e-10
31.607901996474116,0.06325421745525345,4.0521243799822576e-10
31.687922001275318,0.06309459067711322,3.9911752456540577e-10
31.767942006076517,0.06293576726604425,3.931292830011398e-10
31.84796201087772,0.0627777411744984,3.8724558527339385e-10
31.927982015678918,0.06262050641545511,3.814643509840225e-10
32.00800202048012,0.06246405706166617,3.7578354618716325e-10
32.08802202528132,0.062308387244911924,3.7020118223979247e-10
32.16804203008252,0.06215349115526855,3.6471531468348567e-10
32.248062034883716,0.06199936304038617,3.5932404215646013e-10
32.32808203968492,0.061845997204777604,3.540255053350097e-10
32.40810204448612,0.06169338800911784,3.4881788590346784e-10
32.48812204928732,0.061541529869553566,3.4369940555185866e-10
32.56814205408852,0.06139041725702307,3.3866832500043035e-10
32.64816205888972,0.06124004469658602,3.3372294305028603e-10
32.72818206369092,0.061090406766763035,3.288615956593488e-10
32.80820206849212,0.06094149809888507,3.240826550429305e-10
32.88822207329332,0.06079331337645199,3.1938452879818505e-10
32.96824207809452,0.06064584733450069,3.1476565905176356e-10
33.048262082895725,0.06049909475898233,3.1022452162999477e-10
33.128282087696924,0.060353050486148564,3.057596252509514e-10
33.20830209249812,0.06020770940194656,3.0136951073776374e-10
33.28832209729932,0.06006306644142279,2.9705275025258195e-10
33.36834210210052,0.05991911658813545,2.9280794655059394e-10
33.448362106901726,0.05977585487357509,2.886337322535242e-10
33.528382111702925,0.05963327637659382,2.8452876914206776e-10
33.608402116504124,0.059491376222842285,2.8049174746671007e-10
33.68842212130532,0.059350149584215035,2.7652138527642836e-10
33.76844212610652,0.05920959167830344,2.726164277647554e-10
33.84846213090773,0.05906969776785658,2.687756466327263e-10
33.928482135708926,0.058930463160249615,2.6499783946823025e-10
34.008502140510124,0.05879188320695967,2.6128182914130607e-10
34.08852214531132,0.05865395330304911,2.576264632149404e-10
34.16854215011253,0.05851666888665608,2.5403061337093184e-10
34.24856215491373,0.058380025438492154,2.5049317485040496e-10
34.32858215971493,0.05824401848134693,2.4701306590856336e-10
34.408602164516125,0.0581086435795996,2.435892272832914e-10
34.488622169317324,0.057973896338737334,2.4022062167722113e-10
34.56864217411853,0.05783977240488023,2.369062332528898e-10
34.64866217891973,0.05770626746431299,2.3364506714063367e-10
34.72868218372093,0.05757337724302284,2.3043614895886066e-10
34.808702188522126,0.057441097506244015,2.2727852434637174e-10
34.88872219332333,0.057309424058008415,2.2417125850639483e-10
34.96874219812453,0.05717835274070245,2.211134357620162e-10
35.04876220292573,0.05704787943462983,2.1810415912269485e-10
35.12878220772693,0.056918000057580506,2.1514254986156554e-10
35.20880221252813,0.056788710564405334,2.12227747103232e-10
35.28882221732933,0.05666000694659656,2.0935890742177082e-10
35.36884222213053,0.05653188523187402,2.0653520444867022e-10
35.44886222693173,0.056404341483776856,2.0375582849043373e-10
35.52888223173293,0.05627737180126085,2.0101998615559373e-10
35.60890223653413,0.056150972318301066,1.983268999908796e-10
35.688922241335334,0.05602513920349987,1.9567580812629732e-10
35.76894224613653,0.05589986865970029,1.9306596392888365e-10
35.84896225093773,0.05577515692360435,1.904966356649006e-10
35.92898225573893,0.0556510002653967,1.879671061702518e-10
36.009002260540136,0.055527394988373086,1.85476672528898e-10
36.089022265341335,0.05540433742857392,1.8302464575906399e-10
36.16904227014253,0.05528182395442255,1.80610350507028e-10
36.24906227494373,0.05515985096636838,1.7823312474829752e-10
36.32908227974493,0.055038414896534736,1.7589231949597607e-10
36.40910228454614,0.0549175122083713,1.7358729851613164e-10
36.489122289347335,0.054797139396311166,1.7131743804998664e-10
36.569142294148534,0.054677292985432314,1.6908212654274716e-10
36.64916229894973,0.054557969531123615,1.6688076437890396e-10
36.72918230375094,0.05443916561875507,1.6471276362383208e-10
36.80920230855214,0.054320877863352525,1.6257754777153083e-10
36.889222313353336,0.05420310290927637,1.6047455149833986e-10
36.969242318154535,0.0540858374299046,1.584032204224827e-10
37.049262322955734,0.05396907812731991,1.5636301086928352e-10
37.12928232775694,0.05385282173200081,1.5435338964191415e-10
37.20930233255814,0.05373706500251676,1.523738337975281e-10
37.28932233735934,0.05362180472522717,1.5042383042864306e-10
37.369342342160536,0.05350703771398432,1.4850287644964117e-10
37.449362346961735,0.053392760809840026,1.466104783882525e-10
37.52938235176294,0.05327897088075608,1.447461521818984e-10
37.60940235656414,0.05316566482131844,1.4290942297877052e-10
37.68942236136534,0.05305283955245492,1.4109982494352321e-10
37.76944236616654,0.052940492021156575,1.3931690106746752e-10
37.84946237096774,0.05282861920020254,1.375602029831489e-10
37.92948237576894,0.052717218087888484,1.358292907832016e-10
38.00950238057014,0.052606285707758264,1.3412373284336924e-10
38.08952238537134,0.052495819108339156,1.324431056495906e-10
38.16954239017254,0.0523858153628803,1.3078699362904675e-10
38.24956239497374,0.052276271569094465,1.2915498898507083e-10
38.32958239977494,0.05216718484890309,1.2754669153582674e-10
38.40960240457614,0.05205855234818439,1.2596170855665833e-10
38.48962240937734,0.05195037123652465,1.2439965462602362e-10
38.56964241417854,0.05184263870697269,1.2286015147492192e-10
38.649662418979744,0.05173535197579726,1.2134282783972775e-10
38.72968242378094,0.051628508282247514,1.1984731931835004e-10
38.80970242858214,0.05152210488831638,1.1837326822963108e-10
38.88972243338334,0.0514161390785069,1.1692032347590982e-10
38.96974243818455,0.05131060815960144,1.1548814040866876e-10
39.049762442985745,0.05120550946043372,1.1407638069719161e-10
39.129782447786944,0.0511008403316636,1.1268471220015531e-10
39.20980245258814,0.050996598145554684,1.1131280884008873e-10
39.28982245738934,0.05089278029575459,1.0996035048062521e-10
39.36984246219055,0.050789384197077944,1.0862702280648297e-10
39.449862466991746,0.05068640728529198,1.0731251720610712e-10
39.529882471792945,0.05058384701690469,1.0601653065690825e-10
39.609902476594144,0.05048170086895565,1.0473876561303606e-10
39.68992248139535,0.05037996633880927,1.0347892989562655e-10
39.76994248619655,0.05027864094395063,1.0223673658546402e-10
39.84996249099775,0.05017772222178366,1.0101190391799826e-10
39.929982495798946,0.050077207729431854,9.98041551806634e-11
